Манипулятор Камаз грузоперевозки;Цена не указана;;21-08-16 12:18;https://www.avito.ru/ivanovo/predlozheniya_uslug/manipulyator_kamaz_gruzoperevozki_1036563125
Аренда Услуги Манипулятора 12м. от 10 до 20 тонн;2000;₽;21-08-12 18:18;https://www.avito.ru/ivanovo/predlozheniya_uslug/arenda_uslugi_manipulyatora_12m._ot_10_do_20_tonn_1116746357
Аренда автокран 25 тонн 31 метр;2000;₽;21-08-11 18:18;https://www.avito.ru/ivanovo/predlozheniya_uslug/arenda_avtokran_25_tonn_31_metr_1885917436
Аренда ассенизатора в Иваново;900;₽;21-08-10 18:18;https://www.avito.ru/ivanovo/predlozheniya_uslug/arenda_assenizatora_v_ivanovo_698209976
Услуги манипулятора+ услуги автовышки;1;₽;21-08-10 18:18;https://www.avito.ru/ivanovo/predlozheniya_uslug/uslugi_manipulyatora_uslugi_avtovyshki_1901643850
Аренда мини экскаватора погрузчика спецтехники;1300;₽;21-08-12 18:18;https://www.avito.ru/ivanovo/predlozheniya_uslug/arenda_mini_ekskavatora_pogruzchika_spetstehniki_1915711523
Услуги Манипулятора;1000;₽;21-08-16 09:18;https://www.avito.ru/ivanovo/predlozheniya_uslug/uslugi_manipulyatora_863155555
Аренда автокран 25 тонн 31 метр;2000;₽;21-08-11 18:18;https://www.avito.ru/ivanovo/predlozheniya_uslug/arenda_avtokran_25_tonn_31_metr_1885917436
Аренда Услуги Манипулятора 12м. от 10 до 20 тонн;2000;₽;21-08-12 18:18;https://www.avito.ru/ivanovo/predlozheniya_uslug/arenda_uslugi_manipulyatora_12m._ot_10_do_20_tonn_1116746357
Манипулятор Камаз грузоперевозки;Цена не указана;;21-08-16 12:18;https://www.avito.ru/ivanovo/predlozheniya_uslug/manipulyator_kamaz_gruzoperevozki_1036563125
Услуги и Аренда японской автовышки;1000;₽;21-08-13 18:18;https://www.avito.ru/ivanovo/predlozheniya_uslug/uslugi_i_arenda_yaponskoy_avtovyshki_1853214562
Услуги и Аренда.Манипулятор камаз и камаз вездеход;2000;₽;21-08-16 09:18;https://www.avito.ru/ivanovo/predlozheniya_uslug/uslugi_i_arenda.manipulyator_kamaz_i_kamaz_vezdehod_1662030972
Аренда бульдозера Shantui;1500;₽;21-08-13 18:18;https://www.avito.ru/ivanovo/predlozheniya_uslug/arenda_buldozera_shantui_1953962485
Аренда ассенизатора в Иваново;900;₽;21-08-10 18:18;https://www.avito.ru/ivanovo/predlozheniya_uslug/arenda_assenizatora_v_ivanovo_698209976
Услуги манипулятора+ услуги автовышки;1;₽;21-08-10 18:18;https://www.avito.ru/ivanovo/predlozheniya_uslug/uslugi_manipulyatora_uslugi_avtovyshki_1901643850
Услуги и Аренда японской автовышки;1000;₽;21-08-13 18:18;https://www.avito.ru/ivanovo/predlozheniya_uslug/uslugi_i_arenda_yaponskoy_avtovyshki_1853214562
Чистка выгребных / смотровых ям;1000;₽;21-08-10 18:18;https://www.avito.ru/ivanovo/predlozheniya_uslug/chistka_vygrebnyh_smotrovyh_yam_2113514792
Производство ковшей для экскаваторов;Цена не указана;;21-08-16 11:18;https://www.avito.ru/ivanovo/predlozheniya_uslug/proizvodstvo_kovshey_dlya_ekskavatorov_1358431584
Бурилка. Бурильно-крановая машина;1700;₽;21-08-16 09:18;https://www.avito.ru/ivanovo/predlozheniya_uslug/burilka._burilno-kranovaya_mashina_1821414095
Аренда телескопического погрузчика Merlo 17 м;1500;₽;21-08-16 10:18;https://www.avito.ru/ivanovo/predlozheniya_uslug/arenda_teleskopicheskogo_pogruzchika_merlo_17_m_1986991112
Услуги экскаватора ек-14;1700;₽;21-08-15 19:18;https://www.avito.ru/ivanovo/predlozheniya_uslug/uslugi_ekskavatora_ek-14_532964191
Экскаватор-Погрузчик 3в1;1600;₽;21-08-15 18:18;https://www.avito.ru/ivanovo/predlozheniya_uslug/ekskavator-pogruzchik_3v1_887197213
Песок,щебень,отсев,пгс,гравий 15тонн;1000;₽;21-08-15 18:18;https://www.avito.ru/ivanovo/predlozheniya_uslug/pesokschebenotsevpgsgraviy_15tonn_1140269544
Аренда спецтехники,Услуги Автокрана;1500;₽;21-08-15 18:18;https://www.avito.ru/ivanovo/predlozheniya_uslug/arenda_spetstehnikiuslugi_avtokrana_1533533554
Аренда Услуги Экскаватора-Погрузчика JCB 3CX;1600;₽;21-08-13 18:18;https://www.avito.ru/ivanovo/predlozheniya_uslug/arenda_uslugi_ekskavatora-pogruzchika_jcb_3cx_1653423038
Сдам прицеп-самосвал в аренду;500;₽;21-08-13 18:18;https://www.avito.ru/ivanovo/predlozheniya_uslug/sdam_pritsep-samosval_v_arendu_1977649760
Автовышка, услуги автовышки;1000;₽;21-08-12 18:18;https://www.avito.ru/ivanovo/predlozheniya_uslug/avtovyshka_uslugi_avtovyshki_2109365210
Манипулятор 15 тонн+ Прицеп 14 тонн;1500;₽;21-08-11 18:18;https://www.avito.ru/ivanovo/predlozheniya_uslug/manipulyator_15_tonn_pritsep_14_tonn_857688319
Аренда экскаватора Hyundai;1800;₽;21-08-11 18:18;https://www.avito.ru/ivanovo/predlozheniya_uslug/arenda_ekskavatora_hyundai_1954349927
Автовышка Телескоп Вездеход 22 м;1700;₽;21-08-13 18:18;https://www.avito.ru/ivanovo/predlozheniya_uslug/avtovyshka_teleskop_vezdehod_22_m_1896821747
Услуги манипулятора;1500;₽;21-08-10 18:18;https://www.avito.ru/ivanovo/predlozheniya_uslug/uslugi_manipulyatora_1224640269
Экскаватор-погрузчик 3 в 1;1500;₽;21-08-09 18:18;https://www.avito.ru/ivanovo/predlozheniya_uslug/ekskavator-pogruzchik_3_v_1_1821673454
Аренда манипулятор камаз вездеход;2000;₽;21-08-09 18:18;https://www.avito.ru/ivanovo/predlozheniya_uslug/arenda_manipulyator_kamaz_vezdehod_887204569
Экскаватор-погрузчик-ямобур закрутка свай услуги;Цена не указана;;21-08-09 18:18;https://www.avito.ru/ivanovo/predlozheniya_uslug/ekskavator-pogruzchik-yamobur_zakrutka_svay_uslugi_1100897583
Аренда Перегружателя Асфальта;12000;₽;21-08-13 18:18;https://www.avito.ru/ivanovo/predlozheniya_uslug/arenda_peregruzhatelya_asfalta_2089409334
Песок щебень доставка;1200;₽;21-08-10 18:18;https://www.avito.ru/ivanovo/predlozheniya_uslug/pesok_scheben_dostavka_2197768404
Аренда Экскаватор.Миниэкскаватор.Гидромлот. Ковши;1500;₽;21-08-11 18:18;https://www.avito.ru/ivanovo/predlozheniya_uslug/arenda_ekskavator.miniekskavator.gidromlot._kovshi_1717771306
Услуги мини погрузчика,уборка снега,погрузка мусор;1300;₽;21-08-09 18:18;https://www.avito.ru/ivanovo/predlozheniya_uslug/uslugi_mini_pogruzchikauborka_snegapogruzka_musor_2029881155
Аренда автокрана 16 и 25 тонн, услуги крана;1200;₽;21-08-09 18:18;https://www.avito.ru/ivanovo/predlozheniya_uslug/arenda_avtokrana_16_i_25_tonn_uslugi_krana_2088645442
Расточка и наплавка отверстий,восстановление;500;₽;21-08-09 18:18;https://www.avito.ru/ivanovo/predlozheniya_uslug/rastochka_i_naplavka_otverstiyvosstanovlenie_1783986776
Аренда грунтового катка раскат ду-96;8000;₽;21-08-09 18:18;https://www.avito.ru/ivanovo/predlozheniya_uslug/arenda_gruntovogo_katka_raskat_du-96_1973109549
Аренда автовышки Спил деревьев Высотные работы;850;₽;21-08-09 18:18;https://www.avito.ru/ivanovo/predlozheniya_uslug/arenda_avtovyshki_spil_derevev_vysotnye_raboty_571716292
Аренда Автокрана от 100 тонн;Цена не указана;;21-08-11 18:18;https://www.avito.ru/ivanovo/predlozheniya_uslug/arenda_avtokrana_ot_100_tonn_1731009527
Услуги самосвала 30 тн;150;₽;21-08-02 18:18;https://www.avito.ru/ivanovo/predlozheniya_uslug/uslugi_samosvala_30_tn_1455651545
Услуги фронтального погрузчика;1500;₽;21-08-02 18:18;https://www.avito.ru/ivanovo/predlozheniya_uslug/uslugi_frontalnogo_pogruzchika_2177725983
Расчистка участков, с/х полей, лэп, газопроводов;Цена не указана;;21-08-02 18:18;https://www.avito.ru/ivanovo/predlozheniya_uslug/raschistka_uchastkov_sh_poley_lep_gazoprovodov_2042844169
Аренда колесного экскаватора, аренда гидромолота;1600;₽;21-08-02 18:18;https://www.avito.ru/ivanovo/predlozheniya_uslug/arenda_kolesnogo_ekskavatora_arenda_gidromolota_2053376731
Откачка выгребных ям, септиков в Иванове;800;₽;21-08-02 18:18;https://www.avito.ru/ivanovo/predlozheniya_uslug/otkachka_vygrebnyh_yam_septikov_v_ivanove_1515110985
Услуги ямобура;200;₽;21-08-02 18:18;https://www.avito.ru/ivanovo/predlozheniya_uslug/uslugi_yamobura_1789187876
Услуги Мини Погрузчик. Аренда Бобкэт;1500;₽;21-08-02 18:18;https://www.avito.ru/ivanovo/predlozheniya_uslug/uslugi_mini_pogruzchik._arenda_bobket_1325561586
Вилочный погрузчик;1500;₽;21-08-02 18:18;https://www.avito.ru/ivanovo/predlozheniya_uslug/vilochnyy_pogruzchik_2124678000
Услуги (аренда) манипулятора камаз вездеход;Цена не указана;;21-08-02 18:18;https://www.avito.ru/ivanovo/predlozheniya_uslug/uslugi_arenda_manipulyatora_kamaz_vezdehod_932994634
Услуги Автовышки 22м;1000;₽;21-08-02 18:18;https://www.avito.ru/ivanovo/predlozheniya_uslug/uslugi_avtovyshki_22m_1804319873
Аренда услуги вибро катка грунтового, каток аренда;1500;₽;21-08-02 18:18;https://www.avito.ru/ivanovo/predlozheniya_uslug/arenda_uslugi_vibro_katka_gruntovogo_katok_arenda_2085249384
Услуги(Аренда) Фронтального погрузчика;1500;₽;21-08-02 18:18;https://www.avito.ru/ivanovo/predlozheniya_uslug/uslugiarenda_frontalnogo_pogruzchika_2191118198
Аренда самосвала 30т;Цена не указана;;21-07-26 18:18;https://www.avito.ru/ivanovo/predlozheniya_uslug/arenda_samosvala_30t_2114122806
Манипулятор Камаз грузоперевозки;Цена не указана;;21-08-16 12:18;https://www.avito.ru/ivanovo/predlozheniya_uslug/manipulyator_kamaz_gruzoperevozki_1036563125
Услуги манипулятора-автовышки;1000;₽;21-08-16 17:56;https://www.avito.ru/ivanovo/predlozheniya_uslug/uslugi_manipulyatora-avtovyshki_1706784806
Песок.Доставка сыпучих стройматериалов;5000;₽;21-08-16 13:18;https://www.avito.ru/ivanovo/predlozheniya_uslug/pesok.dostavka_sypuchih_stroymaterialov_2165045189
Аренда услуги автовышки;1100;₽;21-08-16 11:18;https://www.avito.ru/ivanovo/predlozheniya_uslug/arenda_uslugi_avtovyshki_2183663065
Услуги манипулятора;1500;₽;21-08-16 07:18;https://www.avito.ru/ivanovo/predlozheniya_uslug/uslugi_manipulyatora_1897429954
Автовышка телескопическая, Аренда услуги 16, 22, 2;900;₽;21-08-16 11:18;https://www.avito.ru/ivanovo/predlozheniya_uslug/avtovyshka_teleskopicheskaya_arenda_uslugi_16_22_2_1089107363
Эвакуатор Иваново;1000;₽;21-08-12 18:18;https://www.avito.ru/ivanovo/predlozheniya_uslug/evakuator_ivanovo_1599753712
Автовышка телескопическая, Аренда услуги 16, 22, 2;900;₽;21-08-16 11:18;https://www.avito.ru/ivanovo/predlozheniya_uslug/avtovyshka_teleskopicheskaya_arenda_uslugi_16_22_2_1089107363
Услуги манипулятора;1500;₽;21-08-16 07:18;https://www.avito.ru/ivanovo/predlozheniya_uslug/uslugi_manipulyatora_1897429954
Услуги экскаватора погрузчика;1500;₽;21-08-15 22:18;https://www.avito.ru/ivanovo/predlozheniya_uslug/uslugi_ekskavatora_pogruzchika_2186478168
Услуги экскаватора погрузчика;1500;₽;21-08-15 22:18;https://www.avito.ru/ivanovo/predlozheniya_uslug/uslugi_ekskavatora_pogruzchika_2186478168
Услуги трактора 3в1(экскаватор погрузчик ) Гидромо;1600;₽;21-08-16 14:18;https://www.avito.ru/ivanovo/predlozheniya_uslug/uslugi_traktora_3v1ekskavator_pogruzchik_gidromo_2176644198
Услуги манипулятора 8 тонн;1;₽;21-08-13 18:18;https://www.avito.ru/ivanovo/predlozheniya_uslug/uslugi_manipulyatora_8_tonn_2005298033
Эвакуатор Иваново;1000;₽;21-08-12 18:18;https://www.avito.ru/ivanovo/predlozheniya_uslug/evakuator_ivanovo_1599753712
Аренда Услуги Манипулятора 12м. от 10 до 20 тонн;2000;₽;21-08-12 18:18;https://www.avito.ru/ivanovo/predlozheniya_uslug/arenda_uslugi_manipulyatora_12m._ot_10_do_20_tonn_1116746357
Услуги Автовышки;1000;₽;21-08-10 18:18;https://www.avito.ru/ivanovo/predlozheniya_uslug/uslugi_avtovyshki_2159781776
Откачка жбо;800;₽;21-08-16 10:18;https://www.avito.ru/ivanovo/predlozheniya_uslug/otkachka_zhbo_1874584382
Аренда Услуги Манипулятора 12м. от 10 до 20 тонн;2000;₽;21-08-12 18:18;https://www.avito.ru/ivanovo/predlozheniya_uslug/arenda_uslugi_manipulyatora_12m._ot_10_do_20_tonn_1116746357
Покос травы борщевика Трактор;1500;₽;21-08-15 19:18;https://www.avito.ru/ivanovo/predlozheniya_uslug/pokos_travy_borschevika_traktor_2085779362
Грузоперевозки;100;₽;21-08-10 18:18;https://www.avito.ru/ivanovo/predlozheniya_uslug/gruzoperevozki_2097734564
Услуги Манипулятора;1000;₽;21-08-16 09:18;https://www.avito.ru/ivanovo/predlozheniya_uslug/uslugi_manipulyatora_863155555
Услуги и Аренда.Манипулятор камаз и камаз вездеход;2000;₽;21-08-16 09:18;https://www.avito.ru/ivanovo/predlozheniya_uslug/uslugi_i_arenda.manipulyator_kamaz_i_kamaz_vezdehod_1662030972
Услуги Эвакуатор Иваново, Внедорожная эвакуация;999;₽;21-08-14 18:18;https://www.avito.ru/ivanovo/predlozheniya_uslug/uslugi_evakuator_ivanovo_vnedorozhnaya_evakuatsiya_2190147661
Откачка выгребных ям,септиков.Услуги ассенизатора;800;₽;21-08-16 08:18;https://www.avito.ru/ivanovo/predlozheniya_uslug/otkachka_vygrebnyh_yamseptikov.uslugi_assenizatora_2046893444
Аренда автокран 25 тонн 31 метр;2000;₽;21-08-11 18:18;https://www.avito.ru/ivanovo/predlozheniya_uslug/arenda_avtokran_25_tonn_31_metr_1885917436
Автовышка Автоподъёмник агп телескоп;1;₽;21-08-16 08:18;https://www.avito.ru/ivanovo/predlozheniya_uslug/avtovyshka_avtopodemnik_agp_teleskop_2038186363
Услуги крана, Аренда крана, Услуги автокрана 25т;1600;₽;21-08-15 18:18;https://www.avito.ru/ivanovo/predlozheniya_uslug/uslugi_krana_arenda_krana_uslugi_avtokrana_25t_2102107345
Услуги Грузовой эвакуатор Иваново;999;₽;21-08-16 08:18;https://www.avito.ru/ivanovo/predlozheniya_uslug/uslugi_gruzovoy_evakuator_ivanovo_1838894427
Экскаватор-погрузчик 3в1 Volvo bl 71+гидромолот;1600;₽;21-08-16 07:18;https://www.avito.ru/ivanovo/predlozheniya_uslug/ekskavator-pogruzchik_3v1_volvo_bl_71gidromolot_1388783530
Аренда автокрана;Цена не указана;;21-08-15 18:18;https://www.avito.ru/ivanovo/predlozheniya_uslug/arenda_avtokrana_2077641689
Услуги самосвала от 4 до 10 тонн;150;₽;21-08-16 07:18;https://www.avito.ru/ivanovo/predlozheniya_uslug/uslugi_samosvala_ot_4_do_10_tonn_1964640696
Услуги вышки. Автовышка;1;₽;21-08-13 18:18;https://www.avito.ru/ivanovo/predlozheniya_uslug/uslugi_vyshki._avtovyshka_2004958287
Аренда экскаватора;2000;₽;21-08-15 20:18;https://www.avito.ru/ivanovo/predlozheniya_uslug/arenda_ekskavatora_907929635
Эвакуатор Иваново, Выкуп авто. Эвакуатор Круглосут;700;₽;21-08-14 18:18;https://www.avito.ru/ivanovo/predlozheniya_uslug/evakuator_ivanovo_vykup_avto._evakuator_kruglosut_1811403157
Откачка септиков,канализации,выгребных ям;800;₽;21-08-15 18:18;https://www.avito.ru/ivanovo/predlozheniya_uslug/otkachka_septikovkanalizatsiivygrebnyh_yam_2138495472
Услуги, Аренда Экскаватор погрузчик 3в1 гидробура;1600;₽;21-08-12 18:18;https://www.avito.ru/ivanovo/predlozheniya_uslug/uslugi_arenda_ekskavator_pogruzchik_3v1_gidrobura_1901835056
Аренда ассенизатора в Иваново;900;₽;21-08-10 18:18;https://www.avito.ru/ivanovo/predlozheniya_uslug/arenda_assenizatora_v_ivanovo_698209976
Аренда Услуги Манипулятора, Экскаватора;1500;₽;21-08-14 18:18;https://www.avito.ru/ivanovo/predlozheniya_uslug/arenda_uslugi_manipulyatora_ekskavatora_2167424142
Откачка выгребных ям;800;₽;21-08-16 17:18;https://www.avito.ru/ivanovo/predlozheniya_uslug/otkachka_vygrebnyh_yam_1894501961
Услуги фронтального погрузчика;1500;₽;21-08-16 17:35;https://www.avito.ru/ivanovo/predlozheniya_uslug/uslugi_frontalnogo_pogruzchika_2070256710
Аренда экскаватора погрузчика;1600;₽;21-08-13 18:18;https://www.avito.ru/ivanovo/predlozheniya_uslug/arenda_ekskavatora_pogruzchika_875207012
Трал низкорамный;100;₽;21-08-11 18:18;https://www.avito.ru/ivanovo/predlozheniya_uslug/tral_nizkoramnyy_2192755938
Откачка выгребных ям в Иванове. Ассенизатор;800;₽;21-08-13 18:18;https://www.avito.ru/ivanovo/predlozheniya_uslug/otkachka_vygrebnyh_yam_v_ivanove._assenizator_1856514035
Аренда бульдозера Shantui;1500;₽;21-08-13 18:18;https://www.avito.ru/ivanovo/predlozheniya_uslug/arenda_buldozera_shantui_1953962485
Услуги автовышки;Цена не указана;;21-08-16 16:18;https://www.avito.ru/ivanovo/predlozheniya_uslug/uslugi_avtovyshki_889250368
Аренда Автовышки, услуги автовышки, Автовышка;1000;₽;21-08-16 13:18;https://www.avito.ru/ivanovo/predlozheniya_uslug/arenda_avtovyshki_uslugi_avtovyshki_avtovyshka_1867858981
Ямобур автовышка;1700;₽;21-08-16 15:18;https://www.avito.ru/ivanovo/predlozheniya_uslug/yamobur_avtovyshka_2142635479
Вывоз мусора,боя кирпича,бетона,металлолома и т.д;9000;₽;21-08-13 18:18;https://www.avito.ru/ivanovo/predlozheniya_uslug/vyvoz_musoraboya_kirpichabetonametalloloma_i_t.d_1850462074
Услуги манипулятора+ услуги автовышки;1;₽;21-08-10 18:18;https://www.avito.ru/ivanovo/predlozheniya_uslug/uslugi_manipulyatora_uslugi_avtovyshki_1901643850
Производство ковшей для экскаваторов;Цена не указана;;21-08-16 11:18;https://www.avito.ru/ivanovo/predlozheniya_uslug/proizvodstvo_kovshey_dlya_ekskavatorov_1358431584
Аренда мини экскаватора погрузчика спецтехники;1300;₽;21-08-12 18:18;https://www.avito.ru/ivanovo/predlozheniya_uslug/arenda_mini_ekskavatora_pogruzchika_spetstehniki_1915711523
Автовышка Mitsubishi Canter телескоп. стрела 18 м;900;₽;21-08-16 11:18;https://www.avito.ru/ivanovo/predlozheniya_uslug/avtovyshka_mitsubishi_canter_teleskop._strela_18_m_1719956707
Перевозка негабаритного груза тралом;1500;₽;21-08-16 10:18;https://www.avito.ru/ivanovo/predlozheniya_uslug/perevozka_negabaritnogo_gruza_tralom_2058130726
Бурилка. Бурильно-крановая машина;1700;₽;21-08-16 09:18;https://www.avito.ru/ivanovo/predlozheniya_uslug/burilka._burilno-kranovaya_mashina_1821414095
Услуги и Аренда японской автовышки;1000;₽;21-08-13 18:18;https://www.avito.ru/ivanovo/predlozheniya_uslug/uslugi_i_arenda_yaponskoy_avtovyshki_1853214562
Ремонт, восстановление опу автокранов;48000;₽;21-08-16 10:18;https://www.avito.ru/ivanovo/predlozheniya_uslug/remont_vosstanovlenie_opu_avtokranov_1887954641
